{
  "valid_until": null,
  "currency": "USD",
  "rates": {
    "Новороссийск": {
      "1": 313.0,
      "2": 468.0,
      "3": 638.0,
      "4": 793.0,
      "5": 977.0,
      "6": 1132.0,
      "7": 1287.0,
      "8": 1442.0,
      "9": 1611.0,
      "10": 1766.0
    },
    "Краснодар": {
      "1": 357.0,
      "2": 555.0,
      "3": 783.0,
      "4": 938.0,
      "5": 1137.0,
      "6": 1292.0,
      "7": 1476.0,
      "8": 1631.0,
      "9": 1786.0,
      "10": 1941.0
    },
    "Ростов-На-Дону": {
      "1": 400.0,
      "2": 628.0,
      "3": 856.0,
      "4": 1011.0,
      "5": 1239.0,
      "6": 1394.0,
      "7": 1621.0,
      "8": 1776.0,
      "9": 1931.0,
      "10": 2086.0
    },
    "Воронеж": {
      "1": 502.0,
      "2": 701.0,
      "3": 1001.0,
      "4": 1156.0,
      "5": 1384.0,
      "6": 1539.0,
      "7": 1767.0,
      "8": 1922.0,
      "9": 2150.0,
      "10": 2305.0
    },
    "Казань": {
      "1": 837.0,
      "2": 1137.0,
      "3": 1438.0,
      "4": 1593.0,
      "5": 1893.0,
      "6": 2048.0,
      "7": 2276.0,
      "8": 2431.0,
      "9": 2804.0,
      "10": 2959.0
    },
    "Екатеринбург": {
      "1": 910.0,
      "2": 1210.0,
      "3": 1583.0,
      "4": 1738.0,
      "5": 2111.0,
      "6": 2266.0,
      "7": 2494.0,
      "8": 2649.0,
      "9": 2950.0,
      "10": 3105.0
    },
    "Москва": {
      "1": 619.0,
      "2": 919.0,
      "3": 1220.0,
      "4": 1375.0,
      "5": 1675.0,
      "6": 1830.0,
      "7": 2130.0,
      "8": 2285.0,
      "9": 2513.0,
      "10": 2668.0
    },
    "Санкт-Петербург": {
      "1": 837.0,
      "2": 1137.0,
      "3": 1438.0,
      "4": 1593.0,
      "5": 1893.0,
      "6": 2048.0,
      "7": 2276.0,
      "8": 2431.0,
      "9": 2804.0,
      "10": 2959.0
    },
    "Уфа": {
      "1": 837.0,
      "2": 1137.0,
      "3": 1438.0,
      "4": 1593.0,
      "5": 1893.0,
      "6": 2048.0,
      "7": 2276.0,
      "8": 2431.0,
      "9": 2804.0,
      "10": 2959.0
    },
    "Тольятти ": {
      "1": 837.0,
      "2": 1137.0,
      "3": 1438.0,
      "4": 1593.0,
      "5": 1893.0,
      "6": 2048.0,
      "7": 2276.0,
      "8": 2431.0,
      "9": 2804.0,
      "10": 2959.0
    }
  },
  "last_update": "2025-06-14T21:20:16.365766",
  "filename": "Комплексная ставка.xlsx"
}